Function,Iterations,Positive,Negative,Error,Duration,Iters per Second,Success,Autosave
sin(5*x),20000,2,2,0.02577034756541252,42.93799543380737,465.78792973304326
-x**2,20000,0,1,0.08142967522144318,19.834784030914307,1008.3296076644036
x**2,20000,1,0,2.0868196137991324e-15,16.970023155212402,1178.5487749235585
-x**2,20000,0,1,0.0012514437548816204,16.898234844207764,1183.555571596014
sin(10*x),20000,4,4,0.00013538489292841405,79.72848176956177,250.8513840487487
-x**2,20000,0,1,1.1646810662568896e-06,23.01174783706665,869.1212915076613
sin(5*x),20000,2,2,0.0003030607185792178,49.36098575592041,405.178294025483
sin(10*x),20000,4,4,0.00013538489292841405,80.61733603477478,248.08559775992694
sin(10*x),20000,4,4,0.00021263273083604872,83.81179332733154,238.62990166418354
sin(10*x),20000,4,4,0.0002079298283206299,83.99549984931946,238.10799430776936
sin(10*x),20000,4,4,0.00021499887225218117,82.73853874206543,241.72532297614438
sin(10*x),20000,4,4,0.00021499887225218117,82.53280305862427,242.32788974577423
sin(10*x),20000,4,4,0.00021499887225218117,83.14774823188782,240.53567805856517
sin(10*x),20000,4,4,0.00021499887225218117,82.21243619918823,243.2721973053206
sin(10*x),20000,4,4,0.00021499887225218117,82.92414236068726,241.18428518691098
sin(10*x),20000,4,4,0.00021499887225218117,80.24481797218323,249.23727793778505
x**2,20000,1,0,0.0004686458851210773,22.454500198364258,890.6900542572281
5*x**5 + 5*x**4 - 5*x**3 - 5*x**2 + 5*x - 5,20000,1,0,0.1978529393672943,22.39950442314148,892.8768968360527
5*x**5 + 5*x**4 - 5*x**3 - 5*x**2 + 5*x - 5,20000,2,2,0.00030000341939739883,46.22021126747131,432.7111333235191
5*x**5 - 5*x**4 + 5*x**3 - 5*x**2 + 5*x - 5,20000,4,4,0.46233102679252625,82.70141959190369,241.83381734789427,False
5*x**5 - 5*x**4 + 5*x**3 - 5*x**2 + 5*x - 5,20000,4,4,0.00023024471011012793,81.45092940330505,245.54661495597932,True
5*x**5 - 5*x**4 + 5*x**3 - 5*x**2 + 5*x - 5,20000,4,4,0.00023024471011012793,86.48769760131836,231.24676173244706,True
5*x**5 - 5*x**4 + 5*x**3 - 5*x**2 + 5*x - 5,20000,4,4,0.00023024471011012793,84.83793711662292,235.74359160226743,True
5*x**5 - 5*x**4 + 5*x**3 - 5*x**2 + 5*x - 5,20000,4,4,0.00023024471011012793,81.71687293052673,244.7474956243542,True,True
5*x**5 - 5*x**4 + 5*x**3 - 5*x**2 + 5*x - 5,20000,4,4,0.00023024471011012793,82.11606907844543,243.55768882329244,True,True
5*x**5 - 5*x**4 + 5*x**3 - 5*x**2 + 5*x - 5,20000,4,4,0.00023024471011012793,82.0576331615448,243.73113419718678,True,True
5*x**5 - 5*x**4 + 5*x**3 - 5*x**2 + 5*x - 5,20000,4,4,0.00023024471011012793,84.2228832244873,237.46515476906777,True,True
5*x**5 - 5*x**4 + 5*x**3 - 5*x**2 + 5*x - 5,20000,4,4,0.00023024471011012793,81.96315884590149,244.01206934449533,True,True
5*x**5 - 5*x**4 + 5*x**3 - 5*x**2 + 5*x - 5,20000,4,4,0.00023024471011012793,83.0768461227417,240.74096373917524,True,True
5*x**5 - 5*x**4 + 5*x**3 - 5*x**2 + 5*x - 5,20000,4,4,0.00023024471011012793,80.10435628890991,249.6743114427712,True,True
5*x**5 - 5*x**4 + 5*x**3 - 5*x**2 + 5*x - 5,20000,4,4,0.00023024471011012793,80.48693823814392,248.4875240355672,True,True
5*x**5 - 5*x**4 + 5*x**3 - 5*x**2 + 5*x - 5,20000,4,4,0.00023024471011012793,82.16846561431885,243.4023788867582,True,True
5*x**5 - 5*x**4 + 5*x**3 - 5*x**2 + 5*x - 5,20000,4,4,0.00023024471011012793,82.15730595588684,243.43544091792282,True,True
5*x**5 - 5*x**4 + 5*x**3 - 5*x**2 + 5*x - 5,20000,4,4,0.00023024471011012793,82.31668424606323,242.96411089901855,True,True
5*x**5 - 5*x**4 + 5*x**3 - 5*x**2 + 5*x - 5,20000,4,4,0.00023024471011012793,81.74866151809692,244.65232370284798,True,True
5*x**5 - 5*x**4 + 5*x**3 - 5*x**2 + 5*x - 5,20000,4,4,0.00023024471011012793,80.96949553489685,247.00660252206026,True,True
5*x**5 - 5*x**4 + 5*x**3 - 5*x**2 + 5*x - 5,20000,4,4,0.00023024471011012793,81.21751856803894,246.2522907941992,True,True
5*x**5 - 5*x**4 + 5*x**3 - 5*x**2 + 5*x - 5,20000,4,4,0.00023024471011012793,81.50102829933167,245.39567680723368,True,True
5*x**5 - 5*x**4 + 5*x**3 - 5*x**2 + 5*x - 5,20000,4,4,0.00023024471011012793,81.36474251747131,245.80671407772763,True,True
5*x**5 - 5*x**4 + 5*x**3 - 5*x**2 + 5*x - 5,20000,4,4,0.00023024471011012793,81.06601738929749,246.71250228015327,True,True
5*x**5 - 5*x**4 + 5*x**3 - 5*x**2 + 5*x - 5,20000,4,4,0.00023024471011012793,80.80536222457886,247.50832679166592,True,True
sin(20*x),200,4,4,0.4408266544342041,2.308500051498413,86.63634201358713,True,False
sin(20*x),2000,7,7,0.37083861231803894,14.315014123916626,139.71344929786173,True,False
sin(10*x),20000,4,4,0.0007102209492586553,76.22889256477356,262.3677102878742,True,True
sin(10*x),20000,4,4,0.00936350878328085,82.01628971099854,243.85399620580452,True,True
sin(10*x),20000,4,4,0.000133225490571931,81.13004064559937,246.5178106759008,True,True
sin(10*x),20000,4,4,0.00014064754941500723,81.53274703025818,245.30021038758406,True,True
sin(10*x),20000,4,4,0.0007071758154779673,80.84686064720154,247.38128159701506,True,True
sin(10*x),20000,4,4,0.0011809375137090683,80.93430924415588,247.11398894708134,True,True
sin(10*x),20000,4,4,0.0001657234679441899,81.4379301071167,245.58580963064335,True,True
sin(10*x),20000,4,4,0.000126074708532542,81.47728538513184,245.46718641229603,True,True
sin(10*x),20000,4,4,0.0001202542262035422,81.5821545124054,245.15165258302656,True,True
sin(10*x),20000,4,4,9.688065620139241e-05,81.64172530174255,244.9727749637981,True,True
sin(10*x),20000,4,4,0.00011633583198999986,84.28910779953003,237.27858227622045,True,True
sin(10*x),20000,4,4,0.000173839638591744,91.2928421497345,219.07522571371894,True,True
sin(10*x),20000,4,4,3.721627945196815e-05,98.25150632858276,203.5592200806973,True,True
sin(10*x),20000,4,4,7.03194600646384e-05,105.14642882347107,190.21092987929939,True,True
sin(10*x),20000,4,4,4.012827048427425e-05,112.25403475761414,178.16731526118627,True,True
sin(10*x),20000,4,4,0.00014535619993694127,118.44946956634521,168.84837115119134,True,True
sin(10*x),20000,4,4,8.815047476673499e-05,125.89943385124207,158.85694945722497,True,True
sin(10*x),20000,4,4,0.0001623907737666741,132.68422937393188,150.73381436791422,True,True
sin(10*x),20000,4,4,0.00017359174671582878,141.32341837882996,141.51936196723057,True,True
sin(10*x),20000,4,4,0.0001263737358385697,145.6846284866333,137.28284313698214,True,True
sin(10*x),20000,4,4,0.00020683338516391814,152.95301628112793,130.75910816456187,True,True
sin(10*x),20000,4,4,9.939885785570368e-05,161.26428055763245,124.02002434043305,True,True
sin(10*x),20000,4,4,0.00019250823243055493,166.84689617156982,119.87037493004281,True,True
sin(10*x),20000,4,4,0.00017185835167765617,172.84710478782654,115.70919874272943,True,True
sin(10*x),20000,4,4,0.00015387222811114043,184.03401732444763,108.67556058802147,True,True
sin(10*x),20000,4,4,0.00013620982645079494,186.40238881111145,107.29476230192925,True,True
sin(10*x),20000,4,4,0.0007102209492586553,81.3016402721405,245.9974968900273,True,False
sin(10*x),20000,4,4,0.0007102209492586553,77.89687538146973,256.749707893388,True,False
sin(10*x),20000,4,4,0.0007102209492586553,82.5798716545105,242.18976851494784,True,False
25*x**5 - 50*x**4 + 100*x**3 - 200*x**2 + 400*x - 800,20000,4,4,22.01958465576172,74.77325892448425,267.4753018348257,True,True
5*x**5 - 5*x**4 + 5*x**3 - 5*x**2 + 5*x - 5,20000,4,4,0.45730331540107727,77.77278709411621,257.1593580129401,True,True
5*x**5 - 5*x**4 + 5*x**3 - 5*x**2 + 5*x - 5,20000,4,4,0.04460600018501282,74.65597915649414,267.8954884253266,True,True
5*x**5 - 5*x**4 + 5*x**3 - 5*x**2 + 5*x - 5,5000,4,4,0.04698513075709343,19.63630437850952,254.63039804333698,True,True
5*x**5 - 5*x**4 + 5*x**3 - 5*x**2 + 5*x - 5,5000,4,4,0.04698513075709343,20.19875931739807,247.5399563622347,True,True
5*x**5 - 5*x**4 + 5*x**3 - 5*x**2 + 5*x - 5,5000,4,4,0.04698513075709343,20.41918420791626,244.8677649943313,True,True
sin(10*x),5000,1,1,0.00013243347348179668,8.728749513626099,572.8197369158895,True,True
tan(10*x),5000,1,1,3846.375244140625,8.680053234100342,576.0333335695531,True,True
tan(x),5000,1,1,1.1143793017254211e-05,8.594872951507568,581.7421651500949,True,True
tan(1.57*x),5000,1,1,3147.503173828125,8.639046907424927,578.7675485015243,True,True
tan(1.57*x),5000,4,4,2884.274169921875,20.307288885116577,246.2170124375663,True,True
sin(10*x),5000,1,1,0.00013207963552199216,17.517305374145508,285.43202811202343,True,True
sin(10*x),5000,1,1,0.0001320943410973996,18.81007742881775,265.8149610984488,True,False
sin(10*x),5000,1,1,0.0001320943410973996,17.72429656982422,282.0986424088924,True,False
sqrt(x**2 + y**2) - 1.0,20000,1,1,1.0089817806147039e-05,28.363332509994507,705.1357590985656,False,False
sqrt(x**2 + y**2) - 1.0,5000,1,1,0.0003267737338319421,5.825217247009277,858.3370864952802,True,True
sqrt(x**2 + y**2) - 1.0,5000,1,1,8.779316704021767e-05,6.637300252914429,753.3183387032261,True,True
sqrt(x**2 + y**2) - 1.0,5000,1,1,3.1217768370339627e-09,5.173415660858154,966.4794649751015,True,True
sqrt(x**2 + y**2) - 1.0,5000,1,1,1.411258381267544e-07,6.707051753997803,745.4840343254698,True,True
sqrt(x**2 + y**2) - 1.0,5000,1,1,1.2848197911807802e-05,6.884666204452515,726.2516223032504,True,True
sqrt(x**2 + y**2) - 1.0,5000,1,1,1.2565420547616668e-05,5.077513933181763,984.7338807530973,True,True
sqrt(x**2 + y**2) - 1.0,5000,1,1,0.0002274225262226537,5.301516056060791,943.1264466857377,True,True
sqrt(x**2 + y**2) - 1.0,5000,1,1,1.869528932729736e-05,5.28364372253418,946.3166448327185,True,True
sqrt(x**2 + y**2) - 1.0,5000,1,1,1.0136298442375846e-05,7.027191400527954,711.521817895034,True,True
sqrt(x**2 + y**2) - 1.0,5000,1,1,2.2570127384824445e-06,6.437158584594727,776.7402238568264,True,True
sqrt(x**2 + y**2) - 1.0,5000,1,1,1.5048749446577858e-06,6.366659164428711,785.3412395523857,True,True
sqrt(x**2 + y**2) - 1.0,5000,1,1,4.4537806388689205e-05,6.202274560928345,806.1558628019862,True,True
sqrt(x**2 + y**2) - 1.0,5000,1,1,8.759414777159691e-05,6.233083963394165,802.1711289891399,True,True
sqrt(x**2 + y**2) - 1.0,5000,1,1,1.451441949029686e-05,7.1162614822387695,702.6161155656417,True,True
sqrt(x**2 + y**2) - 1.0,5000,1,1,4.3672006455608425e-08,8.65284776687622,577.8444432063617,True,True
sqrt(x**2 + y**2) - 1.0,5000,1,1,3.7092593441201416e-09,7.280958652496338,686.7227570761864,True,True
sqrt(x**2 + y**2) - 1.0,5000,1,1,2.4203159227909055e-06,7.340949296951294,681.1108206504719,True,True
sqrt(x**2 + y**2) - 1.0,5000,1,1,1.3609454754259787e-06,5.602527856826782,892.4542863106711,True,True
sqrt(x**2 + y**2) - 1.0,5000,1,0,2.1600498896056503e-14,5.390186786651611,927.6116390589879,True,True
sqrt(x**2 + y**2) - 1.0,5000,1,1,1.3984986253490206e-05,5.3829991817474365,928.8502247880508,True,True
sqrt(x**2 + y**2) - 1.0,5000,1,1,3.1281246037906385e-07,7.285053491592407,686.3367586484354,True,True
sqrt(x**2 + y**2) - 1.0,5000,1,1,2.815966581692919e-06,7.341942548751831,681.0186768418702,True,True
sqrt(x**2 + y**2) - 1.0,5000,1,1,3.6178855111757e-07,7.254941701889038,689.185413950067,True,True
sqrt(x**2 + y**2) - 1.0,5000,1,1,4.7442654249607585e-08,7.419799327850342,673.8726721668086,True,True
sqrt(x**2 + y**2) - 1.0,5000,1,1,5.806933586427476e-06,7.367447376251221,678.6611080680906,True,True
sqrt(x**2 + y**2) - 1.0,5000,1,1,4.5463246351573616e-05,7.435576915740967,672.4427783693691,True,True
sqrt(x**2 + y**2) - 1.0,5000,1,1,1.333935961156385e-05,7.344992399215698,680.735898451563,True,True
sqrt(x**2 + y**2) - 1.0,5000,1,1,0.0001663380826357752,7.198201417922974,694.6179621412622,True,True
sqrt(x**2 + y**2) - 1.0,5000,1,1,7.050215117487824e-06,5.638320684432983,886.7888649548893,True,True
sqrt(x**2 + y**2) - 1.0,5000,1,1,6.970337562961504e-05,7.276855230331421,687.1100003692499,True,True
sqrt(x**2 + y**2) - 1.0,5000,1,1,2.962802318506874e-05,6.558893203735352,762.3237404067584,True,True
sqrt(x**2 + y**2) - 1.0,5000,1,1,3.85379207727965e-05,5.380234479904175,929.3275262770802,True,True
sqrt(x**2 + y**2) - 1.0,5000,1,1,2.9550710678449832e-05,6.049432039260864,826.5238732413156,True,True
sqrt(x**2 + y**2) - 1.0,5000,1,1,3.87423506253981e-06,7.3664305210113525,678.7547898182768,True,True
sqrt(x**2 + y**2) - 1.0,5000,1,1,5.02149123349227e-05,5.542580604553223,902.1068626214487,True,True
sqrt(x**2 + y**2) - 1.0,5000,1,1,0.00013798954023513943,5.494680166244507,909.9710717862201,True,True
sqrt(x**2 + y**2) - 1.0,5000,1,1,8.544651791453362e-06,7.341310501098633,681.077308915315,True,True
sqrt(x**2 + y**2) - 1.0,5000,1,1,1.4137517609924544e-06,5.457339286804199,916.1973880000385,True,True
sqrt(x**2 + y**2) - 1.0,5000,1,1,6.251309969229624e-05,7.343571424484253,680.8676202602817,True,True
sqrt(x**2 + y**2) - 1.0,5000,1,1,5.323118834610341e-09,7.236032485961914,690.9863947819646,True,True
sqrt(x**2 + y**2) - 1.0,5000,1,1,3.79361085833807e-06,5.460649490356445,915.6419962185897,True,True
sqrt(x**2 + y**2) - 1.0,5000,1,1,3.9329028368229046e-05,5.45056414604187,917.3362364024164,True,True
sqrt(x**2 + y**2) - 1.0,5000,1,0,3.134779035462998e-05,4.271280765533447,1170.6090689113344,True,True
sqrt(x**2 + y**2) - 1.0,5000,1,0,1.3335465544328517e-12,5.113616466522217,977.7815823173208,True,True
sqrt(x**2 + y**2) - 1.0,5000,1,1,2.6902185709332116e-05,5.137114524841309,973.3090387262596,True,True
sqrt(x**2 + y**2) - 2.0,5000,1,1,1.1961068366872496e-06,5.9130425453186035,845.5883687085144,True,True
sqrt(x**2 + y**2),5000,1,1,6.999015022302046e-05,5.541564464569092,902.272279239613,True,True
sqrt(x**2 + y**2),5000,1,1,7.563274721178459e-06,5.6489996910095215,885.1124576900907,True,True
"sqrt(max(abs(x) - 0.5,0)**2 + max(abs(y)- 0.5,0)**2)",5000,1,1,6.563427177752601e-06,6.243058204650879,800.8895378029889,True,True
"sqrt(max(abs(x) - 0.5,0)**2 + max(abs(y)- 0.5,0)**2)",5000,1,1,1.4923571143299341e-06,7.294821739196777,685.417708445682,True,True
"sqrt(max(abs(x) - 0.5,0)**2 + max(abs(y)- 0.5,0)**2)",5000,1,1,7.25775564092146e-08,5.636783838272095,887.0306443279728,True,True
"sqrt(max(abs(x) - 0.5,0)**2 + max(abs(y)- 0.5,0)**2)",5000,1,1,1.929047130033723e-06,5.862632751464844,852.859152528477,True,True
"sqrt(max(abs(x) - 0.5,0)**2 + max(abs(y)- 0.5,0)**2)",5000,1,1,1.5793948477949016e-06,5.848613023757935,854.9035437443472,True,True
"sqrt(max(abs(x) - 0.5,0)**2 + max(abs(y)- 0.5,0)**2)",5000,1,1,1.1055719895125549e-08,5.33278226852417,937.5968768707547,True,True
"sqrt(max(abs(x) - 0.5,0)**2 + max(abs(y)- 0.5,0)**2)",5000,1,1,2.9677892598556355e-05,5.620429754257202,889.6116878273842,True,True
"sqrt(max(abs(x) - 0.5,0)**2 + max(abs(y)- 0.5,0)**2)",5000,1,1,3.0543153116013855e-05,5.401679515838623,925.6380326413605,True,True
"sqrt(max(abs(x) - 0.5,0)**2 + max(abs(y)- 0.5,0)**2)",5000,1,1,5.470850510391756e-07,6.338091135025024,788.8810516417825,True,True
"sqrt(max(abs(x) - 0.5,0)**2 + max(abs(y)- 0.5,0)**2)",5000,1,1,6.367848754962324e-07,6.0050482749938965,832.6327734651029,True,True
"sqrt(max(abs(x) - 0.5,0)**2 + max(abs(y)- 0.5,0)**2)",5000,1,1,1.437607810572672e-08,5.432624101638794,920.3655372532972,True,True
"sqrt(max(abs(x) - 0.5,0)**2 + max(abs(y)- 0.5,0)**2)",5000,1,1,1.0490875723689896e-07,5.646748065948486,885.4653938169187,True,True
"sqrt(max(abs(x) - 0.5,0)**2 + max(abs(y)- 0.5,0)**2)",5000,1,1,8.444035159982377e-08,6.851866722106934,729.7281460347074,True,True
"sqrt(max(abs(x) - 0.5,0)**2 + max(abs(y)- 0.5,0)**2)",5000,1,1,1.660011002968531e-05,5.278985023498535,947.1517683310941,True,True
"sqrt(max(abs(x) - 0.5,0)**2 + max(abs(y)- 0.5,0)**2)",5000,1,1,2.2675405375593982e-07,5.516197919845581,906.4214287909323,True,True
"sqrt(max(abs(x) - 0.5,0)**2 + max(abs(y)- 0.5,0)**2)",5000,1,1,2.8062179353582906e-06,6.042375802993774,827.48908095433,True,True
"sqrt(max(abs(x) - 0.5,0)**2 + max(abs(y)- 0.5,0)**2)",5000,1,1,1.7237347549325932e-07,5.905207633972168,846.7102784388844,True,True
"sqrt(max(abs(x) - 0.5,0)**2 + max(abs(y)- 0.5,0)**2)",5000,1,1,5.601737029792275e-07,5.781871795654297,864.7718553285879,True,True
sqrt(x**2 + y**2) - 1.0,5000,1,1,4.782774340128526e-05,7.5739500522613525,660.1575090275584,True,True
sqrt(x**2 + y**2) - 1.0,5000,16,16,0.0002763011434581131,41.631218910217285,120.10217646480876,True,True
sqrt(x**2 + y**2) - 1.0,5000,16,16,0.0002445501449983567,41.54483675956726,120.35189905635053,True,True
sqrt(x**2 + y**2) - 1.0,5000,1,1,1.9702877125382656e-06,7.054269552230835,708.7906073023258,True,True
sqrt(x**2 + y**2) - 1.0,5000,1,1,1.3782380392513005e-06,5.270986080169678,948.589111022476,True,True
sqrt(x**2 + y**2) - 1.0,5000,1,1,2.1764655684819445e-05,5.624000310897827,889.0468925315172,True,True
sqrt(x**2 + y**2) - 1.0,5000,1,1,1.1965121302637272e-05,5.695398569107056,877.9016849006789,True,True
sqrt(x**2 + y**2) - 1.0,5000,1,1,2.7840007987833815e-06,6.24170708656311,801.0629032502653,True,True
sqrt(x**2 + y**2) - 1.0,5000,1,1,5.273200542887935e-08,5.7460901737213135,870.1568977922728,True,True
sqrt(x**2 + y**2) - 1.0,5000,1,1,4.3104496398882475e-06,5.608452320098877,891.5115462569984,True,True
sqrt(x**2 + y**2) - 1.0,5000,1,1,1.3613013152280473e-06,5.585006237030029,895.2541479450305,True,True
sqrt(x**2 + y**2) - 0.1,5000,1,1,1.951627887075702e-10,5.644744873046875,885.7796255548287,True,True
sqrt(x**2 + y**2) - 0.1,5000,1,1,1.1514508235777043e-09,7.655393362045288,653.1343019928308,True,True
sqrt(x**2 + y**2) - 0.1,5000,1,1,1.1743851334108935e-12,7.124485731124878,701.805040910729,True,True
sqrt(x**2 + y**2) - 0.1,5000,1,1,2.9421255476336228e-06,5.4521872997283936,917.063139090816,True,True
sqrt(x**2 + y**2) - 0.1,5000,1,1,8.959887519421894e-12,6.9571311473846436,718.6870412640737,True,True
sqrt(x**2 + y**2) - 0.1,5000,1,1,6.217915142769925e-06,5.362480878829956,932.4042570928391,True,True
sqrt(x**2 + y**2) - 0.1,5000,1,1,1.7075764088304857e-13,4.963119268417358,1007.430958151123,True,True
sqrt(x**2 + y**2) - 0.1,5000,1,1,2.777491317829117e-06,5.734473705291748,871.9195966294207,True,True
sqrt(x**2 + y**2) - 0.1,5000,1,1,1.630268542385238e-08,5.9845945835113525,835.4784823312693,True,True
sqrt(x**2 + y**2) - 0.1,5000,1,1,2.2513724218242714e-10,4.916674375534058,1016.9475580649759,True,True
sqrt(x**2 + y**2) - 0.1,5000,1,1,6.15848136931163e-08,5.085296392440796,983.2268591920055,True,True
sqrt(x**2 + y**2) - 0.1,5000,1,1,1.9918295901533156e-09,5.19362998008728,962.7177945233545,True,True
sqrt(x**2 + y**2) - 0.1,5000,1,1,1.935632210070537e-12,5.091040372848511,982.1175307636438,True,True
sqrt(x**2 + y**2) - 0.1,5000,1,1,3.1781589768797858e-06,5.46095085144043,915.5914667646487,True,True
sqrt(x**2 + y**2) - 0.1,5000,1,1,8.201575529831473e-10,5.320547103881836,939.7529807323824,True,True
sqrt(x**2 + y**2) - 0.1,5000,1,1,5.465927016556904e-11,5.483335018157959,911.8538231646609,True,True
sqrt(x**2 + y**2) - 0.1,5000,1,1,8.850436827856356e-09,6.06887412071228,823.8760436529155,True,True
sqrt(x**2 + y**2) - 0.1,5000,1,1,3.3514881950420794e-13,5.181371212005615,964.9955186408253,True,True
sqrt(x**2 + y**2) - 0.1,5000,1,1,6.330856672231988e-11,5.494903802871704,909.9340369501899,True,True
sqrt(x**2 + y**2) - 0.1,5000,1,1,3.006735527222304e-09,5.5380635261535645,902.8426590607793,True,True
sqrt(x**2 + y**2) - 0.1,5000,1,1,4.766475467476994e-05,5.544052362442017,901.8673838422451,True,True
sqrt(x**2 + y**2) - 0.1,5000,1,1,4.8128189801543986e-12,6.002375841140747,833.0034860079261,True,True
sqrt(x**2 + y**2) - 0.1,5000,1,1,2.0138086256338283e-05,5.530017375946045,904.1562910359984,True,True
sqrt(x**2 + y**2) - 0.1,5000,1,1,4.0508893982271754e-12,6.540792465209961,764.4333659254083,True,True
sqrt(x**2 + y**2) - 0.1,5000,1,1,8.27976577966183e-07,6.626197814941406,754.580551266596,True,True
sqrt(x**2 + y**2) - 0.1,5000,1,1,1.5893107274678187e-08,6.305509805679321,792.9572951415507,True,True
sqrt(x**2 + y**2) - 0.1,5000,1,1,9.30413125016516e-12,5.37976336479187,929.4089090837618,True,True
sqrt(x**2 + y**2) - 0.1,5000,1,1,9.30413125016516e-12,5.3153626918792725,940.6695817086803,True,True
sqrt(x**2 + y**2) - 0.1,5000,1,1,9.30413125016516e-12,5.281413555145264,946.7162432544021,True,True
sqrt(x**2 + y**2) - 0.1,5000,1,1,9.30413125016516e-12,6.538342475891113,764.7198075714974,True,True
sqrt(x**2 + y**2) - 0.1,5000,1,1,9.30413125016516e-12,6.969060182571411,717.4568548718033,True,True
sqrt(x**2 + y**2) - 0.1,5000,1,1,9.30413125016516e-12,5.130970239639282,974.474566500606,True,True
sqrt(x**2 + y**2) - 0.1,5000,1,1,9.30413125016516e-12,7.032819986343384,710.9523647284025,True,True
sqrt(x**2 + y**2) - 0.1,5000,1,1,9.30413125016516e-12,5.986383676528931,835.2287908982033,True,True
sqrt(x**2 + y**2) - 0.1,5000,1,1,9.30413125016516e-12,6.0874011516571045,821.3685734574773,True,True
sqrt(x**2 + y**2) - 0.1,5000,1,1,9.30413125016516e-12,5.049807786941528,990.136696475789,True,True
sqrt(x**2 + y**2) - 0.1,5000,1,1,9.30413125016516e-12,5.049566030502319,990.1841009300776,True,True
sqrt(x**2 + y**2) - 0.1,5000,1,1,9.30413125016516e-12,5.320998668670654,939.6732289070748,True,True
sqrt(x**2 + y**2) - 0.1,5000,1,0,0.0,3.9810001850128174,1255.9657793595159,True,True
sqrt(x**2 + y**2) - 0.1,5000,1,0,0.0,4.0041022300720215,1248.719366465842,True,True
sqrt(x**2 + y**2) - 0.1,20000,16,16,2.79639529310316e-08,214.03857612609863,93.44110002029356,True,True
sqrt(x**2 + y**2) - 0.1,20000,1,0,0.0,19.257551908493042,1038.5536071788813,True,True
sqrt(x**2 + y**2) - 0.1,20000,2,2,5.674564984570196e-12,42.516900062561035,470.40118095560155,True,True
sqrt(x**2 + y**2) - 0.1,20000,2,2,5.674564984570196e-12,43.11398983001709,463.88655002361844,True,True
sqrt(x**2 + y**2) - 1.0,5000,1,1,2.1621827939188876e-10,4.9480016231536865,1010.5089651957655,True,True
sqrt(x**2 + y**2) - 1.0,20000,2,2,0.00014277402078732848,30.284854650497437,660.3961032935482,True,True
sqrt(x**2 + y**2) - 1.0,20000,2,2,1.2957973012817092e-05,34.275145292282104,583.5132084619783,True,True
sqrt(x**2 + y**2) - 1.0,20000,2,2,1.2957973012817092e-05,29.36824917793274,681.007569733778,True,True
sqrt(x**2 + y**2) - 1.0,5000,1,1,5.795648405637621e-09,6.774195909500122,738.094980835734,True,True
sqrt(x**2 + y**2) - 1.0,5000,1,1,5.795648405637621e-09,5.154603481292725,970.0067169368474,True,True
sqrt(x**2 + y**2) - 1.0,5000,1,1,5.795648405637621e-09,5.250000476837158,952.3808658798885,True,True
sqrt(x**2 + y**2) - 1.0,5000,1,1,5.795648405637621e-09,5.360483646392822,932.7516563481358,True,True
sqrt(x**2 + y**2) - 1.0,5000,1,0,0.0,5.2000768184661865,961.5242571502624,True,True
sqrt(x**2 + y**2) - 1.0,5000,1,0,0.0,4.055082559585571,1233.020518455486,True,True
sqrt(x**2 + y**2) - 1.0,5000,1,0,0.0,4.49811577796936,1111.5765460037162,True,True
sqrt(x**2 + y**2) - 1.0,5000,1,0,0.0,3.8757944107055664,1290.058106846224,True,True
sqrt(x**2 + y**2) - 1.0,5000,1,0,0.0,3.8271119594573975,1306.4681809593292,True,True
sqrt(x**2 + y**2) - 1.0,5000,1,1,0.0,4.501964330673218,1110.6263028193089,True,True
sqrt(x**2 + y**2) - 1.0,5000,16,16,2.190240138588706e-06,34.08241629600525,146.7032136622908,True,True
sqrt(x**2 + y**2) - 1.0,20000,16,16,0.0003812232753261924,131.74731826782227,151.80574650743966,True,True
sqrt(x**2 + y**2) - 1.0,50000,8,8,8.92496173037216e-05,173.68393349647522,287.8792470520292,True,True
sqrt(x**2 + y**2) - 1.0,50000,8,8,6.501793541247025e-05,181.07706904411316,276.12552082903017,True,True
sqrt(x**2 + y**2) - 1.0,5000,1,1,3.659739455930122e-10,4.686026096343994,1067.002167124286,True,True
sqrt(x**2 + y**2) - 1.0,5000,1,1,3.659739455930122e-10,6.5269775390625,766.0513568609849,True,True
sqrt(x**2 + y**2) - 1.0,20000,8,8,3.1332351682067383e-06,70.44143176078796,283.92381443804254,True,True
sqrt(x**2 + y**2) - 1.0,20000,8,8,3.1332351682067383e-06,70.2745475769043,284.5980613124999,True,True
sqrt(x**2 + y**2) - 1.0,20000,8,8,3.1332351682067383e-06,71.29628920555115,280.5195084184381,True,True
sqrt(x**2 + y**2) - 1.0,20000,8,8,3.1332351682067383e-06,71.99184322357178,277.8092503881265,True,True
sqrt(x**2 + y**2) - 1.0,20000,8,8,3.1332351682067383e-06,72.27164554595947,276.73370170160945,True,True
sqrt(x**2 + y**2) - 1.0,20000,8,8,3.1332351682067383e-06,69.8344407081604,286.39163995857604,True,True
sqrt(x**2 + y**2) - 1.0,20000,1,1,1.2395314108459843e-08,19.86653709411621,1006.7179753195798,True,True
sqrt(x**2 + y**2) - 1.0,20000,1,1,1.2395314108459843e-08,23.308414220809937,858.0592317663483,True,True
sqrt(x**2 + y**2) - 1.0,20000,1,1,1.2395314108459843e-08,18.312321662902832,1092.1608067051418,True,True
sqrt(x**2 + y**2) - 1.0,20000,1,1,1.2395314108459843e-08,20.317646265029907,984.3659909771817,True,True
sqrt(x**2 + y**2) - 1.0,20000,1,1,1.2395314108459843e-08,19.522396564483643,1024.4643855040442,True,True
sqrt(x**2 + y**2) - 1.0,20000,1,1,0.053405750542879105,19.753328323364258,1012.4876007019019,True,True
sqrt(x**2 + y**2) - 1.0,20000,1,1,1.596850052010268e-05,22.34767508506775,894.947681307734,True,True
sqrt(x**2 + y**2) - 1.0,20000,1,1,1.596850052010268e-05,24.69485569000244,809.8852753408426,True,True
sqrt(x**2 + y**2) - 1.0,20000,1,1,1.596850052010268e-05,23.001976013183594,869.4905163163804,True,True
sqrt(x**2 + y**2) - 1.0,20000,1,1,1.596850052010268e-05,22.40120530128479,892.8091025018608,True,True
sqrt(x**2 + y**2) - 1.0,20000,1,1,1.596850052010268e-05,22.232863664627075,899.5692278642626,True,True
sqrt(x**2 + y**2) - 1.0,20000,1,1,1.596850052010268e-05,22.684866666793823,881.6450320722431,True,True
sqrt(x**2 + y**2) - 1.0,20000,1,1,1.596850052010268e-05,22.141857147216797,903.2665989588852,True,True
sqrt(x**2 + y**2) - 1.0,5000,1,1,0.0002488105383235961,5.906536817550659,846.5197381218417,True,True
sqrt(x**2 + y**2) - 1.0,5000,1,1,0.0002488105383235961,6.040567874908447,827.7367465349078,True,True
sqrt(x**2 + y**2) - 1.0,5000,1,1,1.3174702928608895e-07,7.209877967834473,693.4930136552337,True,True
sqrt(x**2 + y**2) - 1.0,5000,1,1,0.0002488105383235961,5.4410741329193115,918.936202274704,True,True
sqrt(x**2 + y**2) - 1.0,5000,1,1,0.00010437391756568104,7.3086676597595215,684.119217450437,True,True
sqrt(x**2 + y**2) - 1.0,5000,1,1,1.3174702928608895e-07,7.1108410358428955,703.1517052338826,True,True
"sqrt(np.max(np.abs(x) - 0.5,0)[0])*np.sqrt(np.max(np.abs(x) - 0.5,0)[0]) + np.max(np.abs(y)- 0.5,0)[0] * np.max(np.abs(y)- 0.5,0)[0]",5000,1,1,nan,6.610589981079102,756.3621423066702,True,True
"sqrt(np.max(np.abs(x) - 0.5,0)[0]) * np.sqrt(np.max(np.abs(x) - 0.5,0)[0]) + np.max(np.abs(y)- 0.5,0)[0]*np.max(np.abs(y)- 0.5,0)[0]",5000,1,1,nan,7.387731313705444,676.7977593776571,True,True
"sqrt(np.max(np.abs(x) - 0.5,0)[0]) * np.sqrt(np.max(np.abs(x) - 0.5,0)[0]) + np.max(np.abs(y)- 0.5,0)[0]*np.max(np.abs(y)- 0.5,0)[0]",5000,1,1,nan,6.02351975440979,830.0794558429934,True,True
"sqrt(np.max(np.abs(x) - 0.5,0)[0]) * np.sqrt(np.max(np.abs(x) - 0.5,0)[0]) + np.max(np.abs(y)- 0.5,0)[0]*np.max(np.abs(y)- 0.5,0)[0]",5000,1,1,nan,5.896962404251099,847.8941626616983,True,True
"sqrt(np.max(np.abs(x) - 0.5,0)[0]) * np.sqrt(np.max(np.abs(x) - 0.5,0)[0]) + np.max(np.abs(y)- 0.5,0)[0]*np.max(np.abs(y)- 0.5,0)[0]",5000,2,2,nan,8.528831958770752,586.2467479920477,True,True
"sqrt(np.max(np.abs(x) - 0.5,0)[0]) * np.sqrt(np.max(np.abs(x) - 0.5,0)[0]) + np.max(np.abs(y)- 0.5,0)[0]*np.max(np.abs(y)- 0.5,0)[0]",5000,2,2,nan,10.878643274307251,459.616137226303,True,True
"sqrt(np.max(np.abs(x) - 0.5,0)[1]) * np.sqrt(np.max(np.abs(x) - 0.5,0)[1]) + np.max(np.abs(y)- 0.5,0)[1]*np.max(np.abs(y)- 0.5,0)[1]",5000,2,2,0.0002519141708035022,8.907182455062866,561.34473782537,True,True
"sqrt(np.max(np.abs(x) - 0.5,0)[1]) * np.sqrt(np.max(np.abs(x) - 0.5,0)[1]) + np.max(np.abs(y)- 0.5,0)[1]*np.max(np.abs(y)- 0.5,0)[1]",5000,2,2,0.0002519141708035022,8.495457887649536,588.5497952110225,True,True
"sqrt(np.max(np.abs(x) - 0.5,0)[0]) * np.sqrt(np.max(np.abs(x) - 0.5,0)[1]) + np.max(np.abs(y)- 0.5,0)[1]*np.max(np.abs(y)- 0.5,0)[1]",5000,1,1,0.00029292600811459124,6.327000617980957,790.2638709707566,True,True
"sqrt(np.max(np.abs(x) - 0.5,0)[0]) * np.sqrt(np.max(np.abs(x) - 0.5,0)[1]) + np.max(np.abs(y)- 0.5,0)[1]*np.max(np.abs(y)- 0.5,0)[1]",20000,1,1,0.00010837605077540502,21.402243614196777,934.4814665474313,True,True
"sqrt(np.max(np.abs(x) - 0.5,0)[0]) * np.sqrt(np.max(np.abs(x) - 0.5,0)[1]) + np.max(np.abs(y)- 0.5,0)[1]*np.max(np.abs(y)- 0.5,0)[1]",20000,1,1,0.013186325319111347,18.664893627166748,1071.5303499447757,True,True
"sqrt(torch.pow(torch.max(torch.abs(x) -  0.25,0).values,2) + torch.pow(torch.max(torch.abs(y) - 0.125,0).values,2))",5000,1,1,7.335258851526305e-05,9.496311902999878,526.5201955319626,True,True
"sqrt(torch.pow(torch.max(torch.abs(x) -  0.25,0).values,2) + torch.pow(torch.max(torch.abs(y) - 5.0,0).values,2))",5000,1,1,0.00011318182805553079,9.584834814071655,521.6573991092071,True,True
sqrt(x**2 + y**2) - 1.0,5000,1,1,2.2186712004251797e-33,6.091338872909546,820.8376030821177,True,True
sqrt(x**2 + y**2) - 1.0,5000,1,1,2.2186712004251797e-33,4.638040065765381,1078.0415712460835,True,True
sqrt(x**2 + y**2) - 1.0,5000,1,1,2.2186712004251797e-33,4.561209440231323,1096.2004848754377,True,True
sqrt(x**2 + y**2) - 1.0,5000,1,1,2.2186712004251797e-33,5.78566312789917,864.2051722454066,True,True
sqrt(x**2 + y**2) - 1.0,5000,1,1,2.2186712004251797e-33,5.035567998886108,992.9366460955396,True,True
sqrt(x**2 + y**2) - 1.0,5000,1,1,1.5789642930030823e-05,5.1360697746276855,973.5070237363453,True,True
sqrt(x**2 + y**2) - 1.0,5000,1,1,0.006626044400036335,10.454889297485352,478.2451404055152,True,True
sqrt(x**2 + y**2) - 1.0,5000,1,1,0.006626044400036335,9.139702558517456,547.0637548637081,True,True
sqrt(x**2 + y**2) - 1.0,5000,1,1,0.0037311690393835306,10.321714878082275,484.41562851317354,True,True
sqrt(x**2 + y**2) - 1.0,50000,1,1,0.0037311650812625885,90.73556327819824,551.0518499422144,True,True
sqrt(x**2 + y**2) - 1.0,5000,1,1,0.0007909532287158072,9.1680428981781,545.3726662855836,True,True
sqrt(x**2 + y**2) - 0.5,5000,1,1,0.25799012184143066,9.81857943534851,509.23863609018355,True,True
sqrt(x**2 + y**2) - 0.5,5000,1,1,0.25799012184143066,9.245616436004639,540.7968235118219,True,True
sqrt(x**2 + y**2) - 0.5,5000,1,1,0.25799012184143066,9.440650224685669,529.6245365521396,True,True
sqrt(x**2 + y**2) - 0.5,5000,1,1,0.00011739829642465338,11.37826132774353,439.4344492517971,True,True
sqrt(x**2 + y**2) - 0.5,5000,1,1,0.00011739829642465338,9.879730939865112,506.08665665426156,True,True
sqrt(x**2 + y**2) - 0.5,50,1,1,0.49241718649864197,0.6623921394348145,75.48398754046578,True,True
sqrt(x**2 + y**2) - 0.5,5000,1,1,0.00011739829642465338,8.946409225463867,558.8834440714679,True,True
sqrt(x**2 + y**2) - 0.5,5000,1,1,0.00011739829642465338,10.277081966400146,486.5194241270996,True,True
sqrt(x**2 + y**2) - 1.0,5000,1,1,0.00010437391756568104,4.598223686218262,1087.3764177645244,True,True
sqrt(x**2 + y**2) - 1.0,5000,1,1,0.00010437391756568104,4.284999370574951,1166.86131492456,True,True
sqrt(x**2 + y**2) - 1.0,5000,1,1,0.00010437391756568104,4.591999530792236,1088.850285474087,True,True
sqrt(x**2 + y**2) - 1.0,5000,1,1,0.00010437391756568104,4.573186159133911,1093.329645025192,True,True
sqrt(x**2 + y**2) - 1.0,5000,1,1,0.00010437391756568104,4.2800562381744385,1168.2089490797525,True,True
sqrt(x**2 + y**2) - 1.0,5000,1,1,0.00010437391756568104,4.737054347991943,1055.5082616097745,True,True
sqrt(x**2 + y**2) - 1.0,5000,1,1,0.00010437391756568104,4.641098260879517,1077.3312088963335,True,True
sqrt(x**2 + y**2) - 1.0,5000,1,1,0.00010437391756568104,4.576636552810669,1092.505367709247,True,True
sqrt(x**2 + y**2) - 1.0,5000,1,1,0.00010437391756568104,4.659013032913208,1073.18866993458,True,True
sqrt(x**2 + y**2) - 1.0,5000,1,1,0.00010437391756568104,4.729764223098755,1057.1351475791319,True,True
sqrt(x**2 + y**2) - 1.0,5000,1,1,0.00010437391756568104,4.397030591964722,1137.1310468335528,True,True
sqrt(x**2 + y**2) - 1.0,5000,1,1,0.00010437391756568104,4.980543851852417,1003.9064304474192,True,True
sqrt(x**2 + y**2) - 1.0,5000,1,1,0.00010437391756568104,4.712598085403442,1060.9858743283755,True,True
sqrt(x**2 + y**2) - 1.0,5000,1,1,0.00010437391756568104,4.700301885604858,1063.761460793188,True,True
sqrt(x**2 + y**2) - 1.0,5000,1,1,0.00010437391756568104,4.748921871185303,1052.870553701493,True,True
sqrt(x**2 + y**2) - 1.0,5000,1,1,0.00010437391756568104,4.70733118057251,1062.1729825671403,True,True
sqrt(x**2 + y**2) - 1.0,5000,1,1,0.00010437391756568104,4.739624738693237,1054.9358389454585,True,True
"sqrt(torch.pow(torch.max(torch.abs(x) -  0.25,0).values,2) + torch.pow(torch.max(torch.abs(y) - 5.0,0).values,2))",500,1,1,0.0019058891339227557,1.426330804824829,350.5498151681623,True,True
"sqrt(torch.pow(torch.max(torch.abs(x) -  0.25,0).values,2) + torch.pow(torch.max(torch.abs(y) - 5.0,0).values,2))",500,1,1,0.0019058891339227557,1.421339511871338,351.78083478570096,True,True
sqrt(x**2 + y**2) - 1.0,5000,1,1,0.00010437391756568104,5.276967525482178,947.5138847937349,True,True
"sqrt(torch.pow(torch.max(torch.abs(x) -  0.25,0).values,2) + torch.pow(torch.max(torch.abs(y) - 5.0,0).values,2))",500,1,1,0.037477076053619385,1.0507454872131348,475.8526266204932,True,True
"sqrt(torch.pow(torch.max(torch.abs(x) -  0.25,0).values,2) + torch.pow(torch.max(torch.abs(y) - 5.0,0).values,2))",5000,1,1,0.0002007223229156807,4.647198677062988,1075.9169872978146,True,True
sqrt(x**2 + y**2) - 1.0,5000,1,1,0.008036335930228233,4.051060676574707,1234.244658173733,True,True
sqrt(x**2 + y**2) - 1.0,5000,1,1,0.008036335930228233,4.035287380218506,1239.0691241745603,True,True
"sqrt(torch.pow(torch.max(torch.abs(x) -  0.25,0).values,2) + torch.pow(torch.max(torch.abs(y) - 5.0,0).values,2))",5000,1,1,0.04884292930364609,3.823054790496826,1307.85465393506,True,True
sqrt(x**2 + y**2) - 1.0,5000,1,1,0.00860558170825243,4.067296743392944,1229.3177300432212,True,True
sqrt(x**2 + y**2) - 1.0,5000,1,1,0.008455374278128147,4.0259997844696045,1241.9275379217918,True,True
sqrt(x**2 + y**2) - 1.0,5000,1,1,0.008455337025225163,4.047111749649048,1235.4489594792096,True,True
sqrt(x**2 + y**2) - 1.0,5000,1,1,0.0084574269130826,4.012049674987793,1246.245785831456,True,True
sqrt(x**2 + y**2) - 1.0,5000,1,1,0.008455361239612103,4.044855117797852,1236.13821864704,True,True
sqrt(x**2 + y**2) - 1.0,5000,1,1,0.003187325783073902,5.679396152496338,880.3752838763124,True,True
sqrt(x**2 + y**2) - 0.1,5000,1,1,5.136120762472274e-06,4.651704549789429,1074.8748005129298,True,True
sqrt(x**2 + y**2) - 0.1,100,1,1,1.0220182957709767e-06,1.0700509548187256,93.4534935459599,True,True
sqrt(x**2 + y**2) - 0.3,5000,1,1,4.3221289161010645e-06,4.097027778625488,1220.3968999393628,True,True
sqrt(x**2 + y**2) - 0.3,5000,1,1,1.6006772511900635e-06,4.119686841964722,1213.6844842350804,True,True
sqrt(x**2 + y**2) - 0.3,5000,1,1,6.1930598427295536e-09,4.186306476593018,1194.3702707760658,True,True
sqrt(x**2 + y**2) - 0.3,5000,1,1,7.010657299133527e-08,4.185302972793579,1194.656643139656,True,True
sqrt(x**2 + y**2) - 0.4,5000,1,1,3.0205560275220478e-09,151.4999315738678,33.00331523623242,True,True
sqrt(x**2 + y**2) - 0.4,5000,1,1,5.917643264297112e-09,150.20548605918884,33.287732233892825,True,True
sqrt(x**2 + y**2) - 0.4,5000,1,1,4.5403572812574566e-07,149.0031487941742,33.55633783891883,True,True
sqrt(x**2 + y**2) - 0.4,5000,1,1,2.3410343601426575e-06,4.053073883056641,1233.6315952447508,True,True
sqrt(x**2 + y**2) - 0.4,5000,1,1,1.6740678177029622e-07,4.286120414733887,1166.5561197982433,True,True
sqrt(x**2 + y**2) - 0.4,5000,5,5,2.350384420424234e-05,9.388856410980225,532.5462208744106,True,True
sqrt(x**2 + y**2) - 0.4,5000,1,1,0.0016046243254095316,3.964118242263794,1261.3145457398475,True,True
sqrt(x**2 + y**2) - 0.4,5000,8,8,0.001604740391485393,13.52890658378601,369.579017271976,True,True
sqrt(x**2 + y**2) - 0.4,5000,2,2,0.001604657038114965,5.386520862579346,928.2429470821246,True,True
sqrt(x**2 + y**2) - 0.4,5000,1,1,1.5572484699077904e-05,9.792124032974243,510.6144471988789,True,True
sqrt(x**2 + y**2) - 0.4,5000,16,16,2.90024877358519e-06,45.12263822555542,110.80912368213936,True,True
sqrt(x**2 + y**2) - 0.4,5000,2,2,2.7148680601385422e-05,6.450606107711792,775.1209601873579,True,True
sqrt(x**2 + y**2) - 0.4,5000,2,2,0.00025640943204052746,5.702149152755737,876.8623664611786,True,True
sqrt(x**2 + y**2) - 0.4,5000,2,2,0.0002424973645247519,5.555581331253052,899.995824356379,True,True
sqrt(x**2 + y**2) - 0.4,5000,1,1,0.00025640864623710513,4.160150051116943,1201.879725145387,True,True
sqrt(x**2 + y**2) - 0.4,5000,4,4,0.00025640864623710513,7.5350494384765625,663.5656528633077,True,True
sqrt(x**2 + y**2) - 0.4,5000,8,8,0.0002564084134064615,13.20914077758789,378.5257560797263,True,True
sqrt(x**2 + y**2) - 0.4,5000,16,16,7.753130194032565e-05,25.302510499954224,197.60884992060554,True,True
sqrt(x**2 + y**2) - 0.4,5000,16,16,0.0002564846945460886,25.496504068374634,196.1053165010925,True,True
sqrt(x**2 + y**2) - 0.4,5000,1,1,0.0002571482618805021,4.31634783744812,1158.3867168027089,True,True
sqrt(x**2 + y**2) - 0.4,5000,1,1,0.00017409585416316986,4.1997339725494385,1190.5515998587791,True,True
sqrt(x**2 + y**2) - 0.4,5000,64,64,0.0002564426977187395,84.8508939743042,58.92689830132107,True,True
sqrt(x**2 + y**2) - 0.4,5000,64,64,0.0002025492285611108,84.9857406616211,58.83339912171833,True,True
sqrt(x**2 + y**2) - 0.4,5000,64,64,0.0002564183378126472,86.34745407104492,57.90558683856622,True,True
sqrt(x**2 + y**2) - 0.4,5000,64,64,0.14684641361236572,86.42637228965759,57.85271170751588,True,True
sqrt(x**2 + y**2) - 0.4,5000,64,64,0.0003028346982318908,87.07661509513855,57.42069779052709,True,True
sqrt(x**2 + y**2) - 0.4,5000,64,64,0.009801116771996021,87.30866169929504,57.268086610018116,True,True
sqrt(x**2 + y**2) - 0.4,5000,64,64,6.6860161496151704e-06,86.51183772087097,57.79555875500435,True,True
sqrt(x**2 + y**2) - 0.4,550,64,64,0.6354044079780579,9.75135350227356,56.40242658332156,True,True
sqrt(x**2 + y**2) - 0.4,560,1,1,0.0001319747098023072,1.2882273197174072,434.7058872519834,True,True
sqrt(x**2 + y**2) - 0.4,5000,1,1,0.00015301688108593225,4.4345009326934814,1127.5225951893167,True,True
sqrt(x**2 + y**2) - 0.4,5000,128,128,2.7609587050392292e-05,161.3457019329071,30.989359741849,True,True
sqrt(x**2 + y**2) - 0.4,5000,1,1,6.880718137836084e-05,4.611052513122559,1084.3511293290499,True,True
sqrt(x**2 + y**2) - 0.4,5000,1,1,0.00035784541978500783,6.038472414016724,828.0239863965953,True,True
sqrt(x**2 + y**2) - 0.4,5000,16,16,4.308887127990602e-06,25.61848211288452,195.1715943968947,True,True
sqrt(x**2 + y**2) - 0.4,50000,16,16,0.01013930793851614,845.8728001117706,59.11054238106862,True,True
sqrt(x**2 + y**2) - 1.0,5000,1,1,3.7530867086008057e-13,4.6411285400390625,1077.3241802860985,True,True
sqrt(x**2 + y**2) - 1.0,5000,1,1,7.313714013434947e-05,3.8830697536468506,1287.6410461862463,True,True
sqrt(x**2 + y**2) - 0.2,5000,1,1,0.00013587244029622525,3.572728395462036,1399.4906543556006,True,True
sqrt(x**2 + y**2) - 0.2,5000,1,1,8.552065992262214e-05,4.310048341751099,1160.0797957566726,True,True
sqrt(x**2 + y**2) - 0.2,5000,16,16,0.05017779394984245,22.799694538116455,219.301183690905,True,True
sqrt(x**2 + y**2) - 0.2,5000,1,1,1.5839532352401875e-08,8.67803144454956,576.1675366065153,True,True
sqrt(x**2 + y**2) - 0.2,5000,1,1,3.728202102593059e-07,8.61081862449646,580.6648842626607,True,True
sqrt(x**2 + y**2) - 0.2,500,1,1,8.815665637484926e-07,1.7664508819580078,283.0534407193814,True,True
sqrt(x**2 + y**2) - 0.2,500,1,1,9.32150145429655e-35,0.9530048370361328,524.6563087287276,True,True
sqrt(x**2 + y**2) - 0.2,500,16,16,3.389591483937693e-06,2.8159074783325195,177.56265212807426,True,True
sqrt(x**2 + y**2) - 0.25,5000,1,1,1.6474025414936477e-06,4.100343704223633,1219.409971620101,True,True
sqrt(x**2 + y**2) - 0.25,5000,1,1,1.0210551408817992e-06,4.274586915969849,1169.7036692177223,True,True
sqrt(x**2 + y**2) - 0.25,5000,2,0,0.0,4.090194225311279,1222.435836679487,True,True
sqrt(x**2 + y**2) - 0.25,5000,2,2,0.0002480322727933526,4.949307441711426,1010.2423538819494,True,True
sqrt(x**2 + y**2) - 0.25,5000,4,4,1.510899068080107e-07,8.229551792144775,607.5665025612417,True,True
sqrt(x**2 + y**2) - 0.25,1,4,4,0.3149298429489136,0.6160197257995605,1.6233246406225932,True,True
sqrt(x**2 + y**2) - 0.25,1000,4,4,0.003002032870426774,2.1309990882873535,469.2634574535095,True,True
sqrt(x**2 + y**2) - 0.25,1000,4,4,5.1514348342607263e-14,2.1320135593414307,469.04016891379223,True,True
sqrt(x**2 + y**2) - 0.25,5000,1,1,1.5461410770396464e-14,8.690387964248657,575.3483067234138,True,True
sqrt(x**2 + y**2) - 0.25,5000,1,1,1.9992741329133423e-07,8.950819730758667,558.6080549491977,True,True
sqrt(x**2 + y**2) - 0.25,5000,1,1,0.0003619201888795942,9.499584197998047,526.3388266039798,True,True
sqrt(x**2 + y**2) - 0.25,5000,1,1,0.00011809964780695736,8.928579807281494,559.9994744877978,True,True
sqrt(x**2 + y**2) - 0.25,5000,32,32,0.0016753775998950005,4633.21964597702,1.0791631699009676,True,True
sqrt(x**2 + y**2) - 0.4,5000,1,1,4.966265260009095e-05,4.982519149780273,1003.5084361332555,True,True
sqrt(x**2 + y**2) - 0.4,5000,1,1,0.0001557089708512649,20.2955105304718,246.35990272296772,True,True
sqrt(x**2 + y**2) - 0.4,5000,1,1,0.0002708429819904268,19.79525375366211,252.58579971853118,True,True
sqrt(x**2 + y**2) - 0.4,5000,1,1,0.00016349286306649446,20.33577585220337,245.87210423339974,True,True
sqrt(x**2 + y**2) - 0.4,5000,1,1,0.0001912341540446505,20.21338200569153,247.36088194405758,True,True
sqrt(x**2 + y**2) - 0.4,5000,1,1,0.00015536384307779372,20.55088520050049,243.29852223972483,True,True
sqrt(x**2 + y**2) - 0.4,5000,1,1,0.00015490545774810016,20.227617263793945,247.18680083737092,True,True
sqrt(x**2 + y**2) - 0.4,5000,1,1,0.00014609596109949052,4.716919183731079,1060.0139212147799,True,True
sqrt(x**2 + y**2) - 0.4,5000,1,1,7.485882815672085e-05,4.3012800216674805,1162.4446617780645,True,True
sqrt(x**2 + y**2) - 0.4,5000,1,1,8.511883061146364e-05,4.7905824184417725,1043.7144303690625,True,True
sqrt(x**2 + y**2) - 0.4,5000,1,1,7.497300248360261e-05,4.869130849838257,1026.8773122345008,True,True
sqrt(x**2 + y**2) - 0.4,5000,1,1,0.00016619768575765193,4.712826728820801,1060.9344004571653,True,True
sqrt(x**2 + y**2) - 0.4,5000,1,1,0.00015721739328000695,4.790379047393799,1043.7587402859583,True,True
sqrt(x**2 + y**2) - 0.2,5000,1,1,2.50228385993978e-05,6.0234215259552,830.0929925715426,True,True
sqrt(x**2 + y**2) - 0.2,5000,1,1,7.391821418423206e-05,4.059658527374268,1231.6306818135101,True,True
sqrt(x**2 + y**2) - 0.2,5000,1,1,9.663070159149356e-06,11.558007717132568,432.6005071434969,True,True
sqrt(x**2 + y**2) - 0.2,5000,1,1,9.666863661550451e-06,9.992073059082031,500.3966614771078,True,True
sqrt(x**2 + y**2) - 0.2,5000,1,1,1.0530115105211735e-05,9.305925369262695,537.2920802175042,True,True
sqrt(x**2 + y**2) - 0.2,5000,1,1,0.00038835572195239365,5.150646924972534,970.7518439592251,True,True
sqrt(x**2 + y**2) - 0.2,5000,1,1,0.00032668589847162366,8.984023809432983,556.5434938796727,True,True
sqrt(x**2 + y**2) - 0.2,5000,1,1,1.0004898740589852e-06,9.687124252319336,516.1490520577225,True,True
sqrt(x**2 + y**2) - 0.2,5000,1,1,1.051074946190056e-06,12.119690418243408,412.5517919561418,True,True
sqrt(x**2 + y**2) - 0.2,5000,1,1,8.727317322154704e-07,9.78180742263794,511.15297858231696,True,True
sqrt(x**2 + y**2) - 0.2,5000,1,1,1.2970375564691494e-06,9.540740251541138,524.0683498528679,True,True
sqrt(x**2 + y**2) - 0.2,5000,1,1,1.5943821836117422e-06,4.0271735191345215,1241.5655735327114,True,True
sqrt(x**2 + y**2) - 1.0,5000,1,1,5.282651545712724e-05,4.412978887557983,1133.0215093702516,True,True
sqrt(x**2 + y**2) - 1.0,5000,1,1,7.771480454721313e-07,4.6658971309661865,1071.6052796827582,True,True
sqrt(x**2 + y**2) - 1.0,5000,1,1,3.051756357308477e-05,4.315007209777832,1158.7466154563938,True,True
sqrt(x**2 + y**2) - 1.0,5000,1,1,7.192284670054505e-07,4.138343572616577,1208.2128784775155,True,True
sqrt(x**2 + y**2) - 1.0,5000,1,1,8.051011536736041e-05,4.272968053817749,1170.1468246486593,True,True
sqrt(x**2 + y**2) - 1.0,5000,1,1,1.3431037586997263e-05,4.2104785442352295,1187.5134732240217,True,True
sqrt(x**2 + y**2) - 1.0,5000,1,1,1.5779642126290128e-07,4.0447096824646,1236.1826663794827,True,True
sqrt(x**2 + y**2) - 1.0,5000,1,1,0.00029153533978387713,4.0200583934783936,1243.7630279478858,True,True
sqrt(x**2 + y**2) - 1.0,5000,1,1,1.629575585582188e-08,4.146673202514648,1205.7858808280027,True,True
sqrt(x**2 + y**2) - 1.0,5000,1,1,1.1018943979479445e-08,4.53585410118103,1102.3282249528522,True,True
sqrt(x**2 + y**2) - 1.0,5000,1,1,1.7135552354829997e-07,4.647152662277222,1075.9276407222383,True,True
sqrt(x**2 + y**2) - 1.0,5000,1,1,8.3091322267137e-08,4.260682582855225,1173.5208860945784,True,True
sqrt(x**2 + y**2) - 1.0,5000,1,1,2.2661077991870116e-07,3.8671183586120605,1292.9524096062423,True,True
sqrt(x**2 + y**2) - 1.0,5000,1,1,8.86396200883155e-09,4.080113410949707,1225.4561323176983,True,True
sqrt(x**2 + y**2) - 1.0,5000,1,1,0.0011680049356073141,4.218908786773682,1185.140578453615,True,True
sqrt(x**2 + y**2) - 1.0,5000,1,1,5.511371625743777e-08,3.880347967147827,1288.5442342623594,True,True
sqrt(x**2 + y**2) - 1.0,5000,1,1,2.5150375222438015e-06,4.208147048950195,1188.1714069966608,True,True
sqrt(x**2 + y**2) - 1.0,5000,1,1,0.00014928917516954243,4.077399492263794,1226.2717963953964,True,True
sqrt(x**2 + y**2) - 1.0,5000,1,1,7.13833505869843e-05,4.177339553833008,1196.934061874894,True,True
sqrt(x**2 + y**2) - 1.0,5000,1,1,1.8434899828889684e-08,4.045267820358276,1236.0121065005694,True,True
sqrt(x**2 + y**2) - 1.0,5000,1,1,0.00011671469110297039,4.322277307510376,1156.7975963300678,True,True
sqrt(x**2 + y**2) - 1.0,5000,1,1,1.0568322068138514e-05,4.189166069030762,1193.5549743333138,True,True
sqrt(x**2 + y**2) - 1.0,5000,1,1,6.05297589828524e-09,3.92527174949646,1273.797158283731,True,True
sqrt(x**2 + y**2) - 1.0,5000,1,1,2.5374756660312414e-06,4.198044300079346,1191.0307854315631,True,True
sqrt(x**2 + y**2) - 1.0,5000,1,1,1.8667513359105214e-05,3.8903417587280273,1285.2341285395921,True,True
sqrt(x**2 + y**2) - 1.0,5000,1,1,1.296876472878239e-08,4.194549560546875,1192.0231070885504,True,True
sqrt(x**2 + y**2) - 1.0,5000,1,1,3.2366752833468126e-08,4.076476812362671,1226.549353803896,True,True
sqrt(x**2 + y**2) - 1.0,5000,1,1,2.9259144866955467e-06,4.452641725540161,1122.9288831661922,True,True
sqrt(x**2 + y**2) - 1.0,5000,1,1,2.1173393633944215e-06,3.8716201782226562,1291.4489980510818,True,True
sqrt(x**2 + y**2) - 1.0,5000,1,1,4.690115383709781e-05,3.947279214859009,1266.6952925899348,True,True
sqrt(x**2 + y**2) - 1.0,5000,1,1,0.0001063043819158338,4.196012735366821,1191.6074414781044,True,True
sqrt(x**2 + y**2) - 1.0,5000,1,1,5.329676255882987e-08,3.9076426029205322,1279.543834500896,True,True
sqrt(x**2 + y**2) - 1.0,5000,1,1,4.368168083601631e-05,4.258359432220459,1174.161101143316,True,True
sqrt(x**2 + y**2) - 1.0,5000,1,1,1.870402677184302e-08,4.288245916366577,1165.977907404268,True,True
sqrt(x**2 + y**2) - 1.0,5000,1,1,2.5344920686620753e-06,4.158399343490601,1202.3857227244923,True,True
sqrt(x**2 + y**2) - 1.0,5000,1,1,0.00017463350377511233,4.15467095375061,1203.464740206748,True,True
sqrt(x**2 + y**2) - 0.3,5000,1,1,1.5604271652591706e-08,3.898761034011841,1282.4586981303082,True,True
sqrt(x**2 + y**2) - 0.25,5000,1,1,1.2545017398224445e-06,359.68008947372437,13.90124209353897,True,True
sqrt(x**2 + y**2) - 0.25,5000,1,1,5.219331796979532e-06,5.844396114349365,855.5203826318044,True,True
sqrt(x**2 + y**2) - 0.25,5000,1,1,4.751979304273846e-06,5.806182861328125,861.150969478127,True,True
Unknown,5000,1,1,0.001495111733675003,5.864260673522949,852.6223983485124,True,True
Unknown,5000,1,1,0.0016318423440679908,5.879273176193237,850.445259159984,True,True
Unknown,5000,1,1,0.0014524454018101096,6.014430046081543,831.3339687536222,True,True
Unknown,5000,1,1,0.0028063517529517412,3.583393096923828,1395.3255656746844,True,True
Unknown,5000,1,1,0.0016562488162890077,18.089966773986816,276.39630644263804,True,True
Unknown,5000,1,1,0.0002850190212484449,3.5820605754852295,1395.8446248002647,True,True
Unknown,5000,1,1,0.00031985403620637953,3.8347301483154297,1303.8727124505658,True,True
Unknown,5000,1,1,0.00016722203872632235,4.427361488342285,1129.3408078751945,True,True
Unknown,5000,1,1,0.00028501913766376674,3.771852970123291,1325.6084051008395,True,True
Unknown,5000,1,1,0.0002500808041077107,28.726426601409912,174.05575950593857,True,True
Unknown,5000,2,2,0.00015208260447252542,33.6856632232666,148.4310986208077,True,True
Unknown,5000,2,2,0.00014308540266938508,33.0664803981781,151.21052920635273,True,True
Unknown,5000,2,2,0.0001372950937366113,33.019078969955444,151.42760355458657,True,True
Unknown,5000,1,1,0.00028563837986439466,3.7910349369049072,1318.9010608491308,True,True
Unknown,5000,1,1,0.00012961815809831023,3.764146089553833,1328.3225148662214,True,True
Unknown,5000,1,1,0.0016464393120259047,3.5938992500305176,1391.246568739383,True,True
Unknown,5000,1,1,0.0011968559119850397,3.60105299949646,1388.4827578764202,True,True
Unknown,5000,1,1,0.001248437212780118,3.5387113094329834,1412.943742167304,True,True
Unknown,5000,1,1,95056704.0,150.14752435684204,33.300582353372356,True,True
Unknown,5000,1,1,0.001131405821070075,28.517006397247314,175.3339719586639,True,True
Unknown,5000,1,1,0.0002596221456769854,28.568022966384888,175.02086181754146,True,True
Unknown,5000,1,1,0.0001003587240120396,28.5987811088562,174.83262594193732,True,True
Unknown,5000,1,1,0.00014322054630611092,3.921813488006592,1274.9203946823684,True,True
Unknown,5000,1,1,3.690095127240056e-06,3.91418194770813,1277.4061264391783,True,True
Unknown,5000,1,1,0.00018693084712140262,3.929112195968628,1272.552106078857,True,True
Unknown,5000,1,1,0.00033940153662115335,18.182208776474,274.9940923827424,True,True
Unknown,5000,1,1,0.000741343479603529,18.312144994735718,273.0428358576985,True,True
Unknown,5000,1,1,0.00036715713213197887,18.26178216934204,273.79584060497785,True,True
Unknown,5000,1,1,0.0003752798365894705,18.210466623306274,274.56737399583477,True,True
Unknown,5000,1,1,0.003275106428191066,3.783241033554077,1321.618145831662,True,True
Unknown,5000,1,1,0.0038281686138361692,3.7569119930267334,1330.880257317867,True,True
Unknown,5000,1,1,0.0066254581324756145,7.998926639556885,625.0838675371305,True,True
Unknown,5000,1,1,0.004717876669019461,18.225090265274048,274.3470637029965,True,True
Unknown,5000,1,1,0.0038272428791970015,18.29859757423401,273.2449839238187,True,True
Unknown,10000,6,6,0.0002543885784689337,30.02320694923401,333.0756776552524,True,True
Unknown,10000,12,12,0.0003516018041409552,36.95286464691162,270.615014439368,True,True
Unknown,100,1,1,0.00883415061980486,0.15366768836975098,650.7548923322302,True,True
Unknown,1000,1,1,0.005472374614328146,0.7686688899993896,1300.9502700191158,True,True
Unknown,5000,1,1,0.004995326045900583,3.288233757019043,1520.5731616029523,True,True
Unknown,5000,26,22,1.481806884839898e-05,81.4587025642395,61.38079594450855,True,True
Unknown,5000,26,22,8.573236118536443e-05,36.518346071243286,136.91748224975876,True,True
